length_comp,cpue,age,penalties
-42457.3251233443,-170.02315849506,786.388816587426,16.3566394007576
