npar,objfun,gradient
165,-41824.6028258512,5.51891140601116e-07
